frame,t,X,Y,status,ident,gap,width
840,28.0,,,occluded,unknown,,
841,28.033,,,occluded,unknown,,
842,28.067,,,occluded,unknown,,
843,28.1,,,occluded,unknown,,
844,28.133,,,occluded,unknown,,
845,28.167,,,occluded,unknown,,
846,28.2,,,occluded,unknown,,46.79796487022886
847,28.233,,,occluded,unknown,,
848,28.267,,,occluded,unknown,,
849,28.3,,,occluded,unknown,,
850,28.333,,,occluded,unknown,,
851,28.367,,,occluded,unknown,,
852,28.4,,,occluded,unknown,,
853,28.433,,,occluded,unknown,,10.97824005364863
854,28.467,,,occluded,unknown,,11.221361543189
855,28.5,,,occluded,unknown,,11.108330199163145
856,28.533,,,occluded,unknown,,11.116528550894248
857,28.567,,,occluded,unknown,,11.168021527409657
858,28.6,,,occluded,unknown,,11.126500117009947
859,28.633,,,occluded,unknown,,11.202681019687294
860,28.667,,,occluded,unknown,,11.208353369773516
861,28.7,,,occluded,unknown,,11.11402453528915
862,28.733,,,occluded,unknown,,11.123538068109326
863,28.767,,,occluded,unknown,,11.11032039088074
864,28.8,,,occluded,unknown,,11.028401946337464
865,28.833,,,occluded,unknown,,11.031969060489281
866,28.867,,,occluded,unknown,,11.023853958899327
867,28.9,,,occluded,unknown,,11.03601969043228
868,28.933,,,occluded,unknown,,10.999219631626975
869,28.967,,,occluded,unknown,,11.116945956140215
870,29.0,,,occluded,unknown,,11.018944857080736
871,29.033,,,occluded,unknown,,11.032535711867173
872,29.067,,,occluded,unknown,,10.976392792757037
873,29.1,,,occluded,unknown,,11.009127267411884
874,29.133,,,occluded,unknown,,11.004569575240827
875,29.167,,,occluded,unknown,,10.981023914512132
876,29.2,,,occluded,unknown,,10.96081982693503
877,29.233,,,occluded,unknown,,10.983501728611698
878,29.267,,,occluded,unknown,,10.976615514867907
879,29.3,,,occluded,unknown,,10.96685504233313
880,29.333,,,occluded,unknown,,10.954172563582993
881,29.367,,,occluded,unknown,,10.92065543968829
882,29.4,,,occluded,unknown,,10.936290143011968
883,29.433,,,occluded,unknown,,10.928701584280038
884,29.467,,,occluded,unknown,,10.8905853339282
885,29.5,,,occluded,unknown,,10.88731430506374
886,29.533,,,occluded,unknown,,10.904330108381783
887,29.567,,,occluded,unknown,,10.975190280558568
888,29.6,,,occluded,unknown,,11.03941052423354
889,29.633,,,occluded,unknown,,11.000549985619696
890,29.667,,,occluded,unknown,,10.925520579951847
891,29.7,,,occluded,unknown,,10.888510822529721
892,29.733,,,occluded,unknown,,10.881791189535875
893,29.767,,,occluded,unknown,,10.901269278029314
894,29.8,,,occluded,unknown,,10.87829083608749
895,29.833,,,occluded,unknown,,10.926287027021962
896,29.867,,,occluded,unknown,,10.902337921799488
897,29.9,,,occluded,unknown,,10.903809540051467
898,29.933,,,occluded,unknown,,10.8798414501676
899,29.967,,,occluded,unknown,,
900,30.0,,,occluded,unknown,,
901,30.033,0.11680325538991018,-0.06557485190380614,visible_transition,annotated,3,
902,30.067,0.12074344246096304,-0.09133163383302252,merged_inferred,interpolated_local_image_supported,3,
903,30.1,0.12305971883736061,-0.10920131555645167,merged_inferred,interpolated_local_image_supported,3,
904,30.133,0.11421112557091889,-0.08603874906912212,visible_transition,annotated,1,
905,30.167,0.11394340784851942,-0.09377298647895649,merged_inferred,interpolated_merged_inferred,2,
906,30.2,0.12072576283129016,-0.13445011233580056,merged_inferred,interpolated_local_image_supported,2,
907,30.233,0.1078804720261057,-0.11664817085822342,merged_inferred,annotated,5,
908,30.267,0.10338236784818174,-0.12125735455045632,merged_inferred,interpolated_merged_inferred,5,
909,30.3,0.09883095428288101,-0.12555933359432989,visible_transition,annotated,5,
910,30.333,0.09459860799236887,-0.14081477378773938,merged_inferred,annotated,5,
911,30.367,0.08912504322646346,-0.13955752083260403,merged_inferred,interpolated_local_image_supported,5,
912,30.4,0.09428853884838864,-0.13012413843049717,merged_inferred,interpolated_local_image_supported,3,
913,30.433,0.09950754767625038,-0.11709779039672956,merged_inferred,interpolated_local_image_supported,3,
914,30.467,0.10460419357194235,-0.10660605128573297,merged_inferred,interpolated_local_image_supported,3,
915,30.5,0.09579388206545679,-0.1256762103039981,merged_inferred,interpolated_local_image_supported,2,
916,30.533,0.08688613060108699,-0.1433475097892199,merged_inferred,interpolated_local_image_supported,2,
917,30.567,0.10592272982436975,-0.12174803138729169,merged_inferred,interpolated_local_image_supported,1,
918,30.6,0.10932171448777876,-0.1188031489260474,merged_inferred,interpolated_local_image_supported,1,
919,30.633,0.1099171498065484,-0.11726740056393016,merged_inferred,interpolated_local_image_supported,1,
920,30.667,0.09298538960380108,-0.1341760790534051,merged_inferred,annotated,2,
921,30.7,0.07543260685748172,-0.15973067967600563,merged_inferred,interpolated_local_image_supported,2,
922,30.733,0.10838658988206915,-0.12544386181531955,merged_inferred,interpolated_local_image_supported,1,
923,30.767,0.10409556827983875,-0.1303097946567427,merged_inferred,interpolated_local_image_supported,1,
924,30.8,0.1041776911731756,-0.13857190237558298,merged_inferred,interpolated_local_image_supported,2,
925,30.833,0.1044458083980326,-0.13736888400041025,merged_inferred,interpolated_local_image_supported,2,
926,30.867,0.10380283108223913,-0.11589620454717764,merged_inferred,interpolated_merged_inferred,4,
927,30.9,0.10272063830638944,-0.11475888361325857,merged_inferred,interpolated_merged_inferred,4,
928,30.933,0.10163932713719452,-0.1136306852935004,merged_inferred,interpolated_merged_inferred,4,
929,30.967,0.10039811102714107,-0.11860036317656819,merged_inferred,interpolated_local_image_supported,4,
930,31.0,0.10073873682434896,-0.10812282029217811,merged_inferred,annotated,1,
931,31.033,0.10042955812457151,-0.12214472861070513,merged_inferred,interpolated_local_image_supported,1,
932,31.067,0.09997218915932925,-0.10336611464756351,merged_inferred,interpolated_merged_inferred,1,
933,31.1,0.09930625077495236,-0.09928818305607126,merged_inferred,interpolated_merged_inferred,1,
934,31.133,0.09681102930225537,-0.09972525164469848,merged_inferred,interpolated_merged_inferred,1,
935,31.167,0.10221622403082613,-0.09311834017954129,merged_inferred,interpolated_merged_inferred,1,
936,31.2,0.10370370706286167,-0.08983927588147354,merged_inferred,interpolated_merged_inferred,1,
937,31.233,0.09564972350561653,-0.09959262721207582,merged_inferred,interpolated_merged_inferred,1,
938,31.267,0.10119850908062596,-0.0642557718036545,merged_inferred,interpolated_local_image_supported,1,
939,31.3,0.1060251776854434,-0.06715183644438379,merged_inferred,interpolated_local_image_supported,1,
940,31.333,0.09778333013400702,-0.07896435486469257,merged_inferred,interpolated_local_image_supported,1,
941,31.367,0.10750884226646445,-0.09558300066583232,merged_inferred,interpolated_merged_inferred,1,
942,31.4,0.1093569471140994,-0.09837174338909031,merged_inferred,interpolated_merged_inferred,1,
943,31.433,0.10931299673927881,-0.09999493946402489,merged_inferred,interpolated_merged_inferred,1,
944,31.467,0.11086970938064915,-0.10275198041047748,merged_inferred,interpolated_merged_inferred,1,
945,31.5,0.10210190030696617,-0.11532497656217959,merged_inferred,interpolated_merged_inferred,1,
946,31.533,0.11220168291795818,-0.10630384184785208,merged_inferred,interpolated_merged_inferred,1,
947,31.567,0.11341136353045432,-0.10851136423100208,merged_inferred,interpolated_merged_inferred,2,
948,31.6,0.11461552002066229,-0.11063492172195788,merged_inferred,interpolated_merged_inferred,2,
949,31.633,0.11024197433872131,-0.10996176859085421,merged_inferred,interpolated_merged_inferred,1,
950,31.667,0.10993954378790678,-0.11152467426713555,merged_inferred,annotated,3,
951,31.7,0.1097506784576348,-0.11227626746340562,merged_inferred,interpolated_merged_inferred,3,
952,31.733,0.10955871984935185,-0.11301927354806508,merged_inferred,interpolated_merged_inferred,3,
953,31.767,0.11052470939398942,-0.11130847378487498,merged_inferred,interpolated_merged_inferred,1,
954,31.8,0.11163274960076774,-0.10910907769540729,merged_inferred,interpolated_merged_inferred,1,
955,31.833,0.11535157467358895,-0.12840227439592108,merged_inferred,interpolated_merged_inferred,1,
956,31.867,0.10838172461650439,-0.11598940835689318,merged_inferred,interpolated_merged_inferred,1,
957,31.9,0.10078558899686553,-0.12234638921955872,merged_inferred,interpolated_merged_inferred,1,
958,31.933,0.11222598508574115,-0.11044425108461078,merged_inferred,interpolated_merged_inferred,1,
959,31.967,0.11165071623195111,-0.11163780964211496,merged_inferred,interpolated_merged_inferred,1,
960,32.0,0.10077369711033952,-0.12247397479453336,merged_inferred,annotated,1,
961,32.033,0.11213331847067516,-0.1105658320542077,merged_inferred,interpolated_merged_inferred,1,
962,32.067,0.11002730114653682,-0.10882431858339778,merged_inferred,interpolated_merged_inferred,1,
963,32.1,0.10989330125595542,-0.10527267188557451,merged_inferred,interpolated_merged_inferred,1,
964,32.133,0.11011597906758842,-0.1039067065764237,merged_inferred,interpolated_merged_inferred,1,
965,32.167,0.10885242995487684,-0.10370776242919172,merged_inferred,interpolated_merged_inferred,1,
966,32.2,0.09888169008379508,-0.10714763426442102,merged_inferred,interpolated_merged_inferred,1,
967,32.233,0.10949398946066688,-0.09671016817072223,merged_inferred,interpolated_merged_inferred,1,
968,32.267,0.1065109267564032,-0.09547314242339532,merged_inferred,interpolated_merged_inferred,1,
969,32.3,0.10400337964330637,-0.09167743388221815,merged_inferred,interpolated_merged_inferred,1,
970,32.333,0.10074853063474579,-0.09377120625304194,merged_inferred,annotated,1,
971,32.367,0.09901217252087535,-0.09155850975281944,merged_inferred,interpolated_merged_inferred,1,
972,32.4,0.0981143089625671,-0.08989410150708627,merged_inferred,interpolated_merged_inferred,3,
973,32.433,0.0972169865458223,-0.08823070621041247,merged_inferred,interpolated_merged_inferred,3,
974,32.467,0.09634971977810883,-0.0864728902737639,merged_inferred,interpolated_merged_inferred,3,
975,32.5,0.09552956918040835,-0.08298328427269129,merged_inferred,interpolated_merged_inferred,1,
976,32.533,0.08757968231950945,-0.08774238372972765,merged_inferred,interpolated_merged_inferred,1,
977,32.567,0.08972969503429389,-0.08189338292391427,merged_inferred,interpolated_merged_inferred,1,
978,32.6,0.0926351035817045,-0.07205375239066714,merged_inferred,interpolated_merged_inferred,1,
979,32.633,0.06860810767972658,-0.10325012924262025,merged_inferred,interpolated_merged_inferred,1,
980,32.667,0.09514669894783762,-0.07143507049539365,merged_inferred,annotated,1,
981,32.7,0.12850737017693398,-0.06312081285159303,merged_inferred,interpolated_merged_inferred,1,
982,32.733,0.09287725912496136,-0.058201243053927425,merged_inferred,interpolated_merged_inferred,1,
983,32.767,0.08792140410904355,-0.060487818218891834,merged_inferred,interpolated_merged_inferred,1,
984,32.8,0.16099520978155815,0.03273302093146687,merged_inferred,interpolated_merged_inferred,1,
985,32.833,0.08959872411973833,-0.05664903632082719,merged_inferred,interpolated_merged_inferred,1,
986,32.867,0.08788841066948534,-0.0548501083539785,merged_inferred,interpolated_merged_inferred,1,
987,32.9,0.0891453460877804,-0.05313007536897786,merged_inferred,interpolated_merged_inferred,1,
988,32.933,0.08950926153006111,-0.052183321802287644,merged_inferred,interpolated_merged_inferred,5,
989,32.967,0.08987268369224778,-0.0512893101871512,merged_inferred,interpolated_merged_inferred,5,
990,33.0,0.09024592143624734,-0.050370768499662946,merged_inferred,annotated,5,
991,33.033,0.08995882868722414,-0.04783610720448409,merged_inferred,interpolated_merged_inferred,5,
992,33.067,0.08965598899718091,-0.045316330424730364,merged_inferred,interpolated_merged_inferred,5,
993,33.1,0.07061061885844079,-0.053609366779567416,merged_inferred,interpolated_merged_inferred,2,
994,33.133,0.05268422042345235,-0.060094581840084815,merged_inferred,interpolated_merged_inferred,2,
995,33.167,0.09117574826461211,-0.03424078049362786,merged_inferred,interpolated_merged_inferred,1,
996,33.2,0.05157239597111517,-0.054207979084136534,merged_inferred,interpolated_merged_inferred,1,
997,33.233,0.07222234912343502,-0.04679642752550744,merged_inferred,interpolated_merged_inferred,2,
998,33.267,0.09369961221328983,-0.037106792211090915,merged_inferred,interpolated_merged_inferred,2,
999,33.3,0.08073123588523262,-0.03041110260947514,merged_inferred,interpolated_merged_inferred,1,
1000,33.333,0.08662381095924447,-0.018472521398439964,merged_inferred,annotated,2,
1001,33.367,0.09326280225154276,-0.007010040165532801,merged_inferred,interpolated_merged_inferred,2,
1002,33.4,0.09406185069666045,-0.007641317004540571,merged_inferred,interpolated_merged_inferred,2,
1003,33.433,0.09486130026934102,-0.008279534748354508,merged_inferred,interpolated_merged_inferred,2,
1004,33.467,0.0976667690499013,-0.0026470435001061865,merged_inferred,interpolated_merged_inferred,2,
1005,33.5,0.10043006042909998,0.003004892372011167,merged_inferred,interpolated_merged_inferred,2,
1006,33.533,0.10160072546813316,0.00438191063377887,merged_inferred,interpolated_merged_inferred,5,
1007,33.567,0.10277406049032892,0.005729950483307517,merged_inferred,interpolated_merged_inferred,5,
1008,33.6,0.10394604895586305,0.007075584460237491,merged_inferred,interpolated_merged_inferred,5,
1009,33.633,0.1051186966618639,0.008405797698300715,merged_inferred,interpolated_merged_inferred,5,
1010,33.667,0.10629396881131514,0.009707787524531709,merged_inferred,interpolated_merged_inferred,5,
1011,33.7,0.10225975236895225,0.0036651980939315285,merged_inferred,interpolated_merged_inferred,4,
1012,33.733,0.09813025727809659,-0.0020772084174020536,merged_inferred,interpolated_merged_inferred,4,
1013,33.767,0.09390889312645634,-0.0075404290148095065,merged_inferred,interpolated_merged_inferred,4,
1014,33.8,0.08959407895643388,-0.01270708601148401,merged_inferred,interpolated_merged_inferred,4,
1015,33.833,0.09286620152827396,-0.009346967115288839,merged_inferred,annotated,9,
1016,33.867,0.09348228938287026,-0.003957667833622713,merged_inferred,interpolated_merged_inferred,9,
1017,33.9,0.09408685684518271,0.0014257350783037602,merged_inferred,interpolated_merged_inferred,9,
1018,33.933,0.09460407821332686,0.006845949592477882,merged_inferred,interpolated_merged_inferred,9,
1019,33.967,0.09495542894042386,0.012339897182020398,merged_inferred,interpolated_merged_inferred,9,
1020,34.0,0.09529430138685127,0.017825294645424147,merged_inferred,annotated,9,
1021,34.033,,,occluded,unknown,,
1022,34.067,,,occluded,unknown,,
1023,34.1,,,occluded,unknown,,
1024,34.133,,,occluded,unknown,,
1025,34.167,,,occluded,unknown,,
1026,34.2,,,occluded,unknown,,12.069460847481734
1027,34.233,,,occluded,unknown,,
1028,34.267,,,occluded,unknown,,
1029,34.3,,,occluded,unknown,,
1030,34.333,,,occluded,unknown,,12.926673048611796
1031,34.367,,,occluded,unknown,,12.866204141569465
1032,34.4,,,occluded,unknown,,
1033,34.433,,,occluded,unknown,,12.601965344437776
1034,34.467,,,occluded,unknown,,12.58497687367851
1035,34.5,,,occluded,annotated,,12.524764643285906
1036,34.533,,,occluded,unknown,,12.539639655267134
1037,34.567,,,occluded,unknown,,12.571918815859416
1038,34.6,,,occluded,unknown,,12.599873272152113
1039,34.633,,,occluded,unknown,,12.652692066847543
1040,34.667,,,occluded,unknown,,12.48434473093513
1041,34.7,,,occluded,unknown,,12.538312605011805
1042,34.733,,,occluded,unknown,,12.48948365338693
1043,34.767,,,occluded,unknown,,
1044,34.8,,,occluded,unknown,,13.000548755061235
1045,34.833,,,occluded,unknown,,12.954184999993666
1046,34.867,,,occluded,unknown,,12.507557392956707
1047,34.9,,,occluded,unknown,,12.43058038858194
1048,34.933,,,occluded,unknown,,12.564449648953827
1049,34.967,,,occluded,unknown,,12.60899250452169
1050,35.0,,,occluded,annotated,,12.433123015455651
1051,35.033,,,occluded,unknown,,12.629289477124269
1052,35.067,,,occluded,unknown,,12.596456886921256
1053,35.1,,,occluded,unknown,,12.615687965823446
1054,35.133,,,occluded,unknown,,12.628448506262313
1055,35.167,,,occluded,unknown,,12.60238460737867
1056,35.2,0.06566649545599312,0.13674821271250687,merged_inferred,annotated,12,
1057,35.233,0.0643440544249598,0.12944649841730121,merged_inferred,interpolated_merged_inferred,12,
1058,35.267,0.06251122309028802,0.1217759132957594,merged_inferred,annotated,12,
1059,35.3,0.06298801509161449,0.11813665137515321,merged_inferred,interpolated_merged_inferred,12,
1060,35.333,0.06326168675479527,0.11438772287077083,merged_inferred,annotated,12,
1061,35.367,0.0663472838921791,0.11181721039516414,merged_inferred,interpolated_merged_inferred,12,
1062,35.4,0.06927043603826827,0.10907007114811691,merged_inferred,annotated,12,
1063,35.433,0.0701645527898906,0.10533958283070499,merged_inferred,interpolated_merged_inferred,12,
1064,35.467,0.07083594016817016,0.10133335932782009,merged_inferred,annotated,12,
1065,35.5,0.07454557887710722,0.08913787678073298,merged_inferred,annotated,12,
1066,35.533,0.0707529878315226,0.0827151801293131,merged_inferred,interpolated_merged_inferred,2,
1067,35.567,0.06688160934047,0.07645006261948527,merged_inferred,interpolated_merged_inferred,2,
1068,35.6,0.06398525844495338,0.07486869447693902,merged_inferred,interpolated_merged_inferred,4,
1069,35.633,0.061083685405621146,0.07325838922006907,merged_inferred,interpolated_merged_inferred,4,
1070,35.667,0.058124191903521735,0.0715908604312796,merged_inferred,interpolated_merged_inferred,4,
1071,35.7,0.055212280004985646,0.06992248715680822,merged_inferred,interpolated_merged_inferred,4,
1072,35.733,0.04964518855181928,0.061529491091404286,merged_inferred,interpolated_merged_inferred,7,
1073,35.767,0.0439573092357193,0.05354035187477401,merged_inferred,interpolated_merged_inferred,7,
1074,35.8,0.03825917495249539,0.04599781875967692,merged_inferred,interpolated_merged_inferred,7,
1075,35.833,0.0325030775485433,0.038865160441124265,merged_inferred,interpolated_merged_inferred,7,
1076,35.867,0.026641600547368315,0.03211157326512926,merged_inferred,interpolated_merged_inferred,7,
1077,35.9,0.020784511122387876,0.025772312363716417,merged_inferred,interpolated_merged_inferred,7,
1078,35.933,0.01488414291373317,0.019815774531385843,merged_inferred,interpolated_merged_inferred,7,
1079,35.967,0.016710144165643013,0.025941760118256416,merged_inferred,interpolated_merged_inferred,5,
1080,36.0,0.018544812066008748,0.03221857709411916,merged_inferred,annotated,5,
1081,36.033,0.017616881836296002,0.03573217806982011,merged_inferred,interpolated_merged_inferred,5,
1082,36.067,0.016514531092588828,0.039170327229713406,merged_inferred,interpolated_merged_inferred,5,
1083,36.1,0.01550718625640258,0.04275290911765603,merged_inferred,interpolated_merged_inferred,5,
1084,36.133,0.010584946313644336,0.03969519208255591,merged_inferred,interpolated_merged_inferred,3,
1085,36.167,0.00551397870468888,0.03652318024501308,merged_inferred,interpolated_merged_inferred,3,
1086,36.2,0.0005646891987086363,0.03346331891456809,merged_inferred,interpolated_merged_inferred,3,
1087,36.233,-0.002962309444571402,0.03337158124940542,merged_inferred,interpolated_merged_inferred,2,
1088,36.267,-0.006636067074140772,0.03313967347115158,merged_inferred,interpolated_merged_inferred,2,
1089,36.3,-0.013061387231821178,0.017520197858375212,merged_inferred,interpolated_merged_inferred,1,
1090,36.333,-0.019405735502540662,0.009706423152189414,merged_inferred,annotated,2,
1091,36.367,-0.024488776468532616,0.02513320211911518,merged_inferred,interpolated_local_image_supported,2,
1092,36.4,-0.03104192070849862,-0.0006184086813594519,merged_inferred,interpolated_merged_inferred,2,
1093,36.433,-0.038287592259233526,0.01834914360972603,merged_inferred,interpolated_local_image_supported,2,
1094,36.467,-0.04478137519578345,0.004085601246773766,merged_inferred,interpolated_local_image_supported,1,68.13870541373515
1095,36.5,-0.049924347002882105,0.00021125316471605466,merged_inferred,interpolated_local_image_supported,3,
1096,36.533,-0.055012254007958616,-0.007078786876011322,merged_inferred,interpolated_local_image_supported,3,
1097,36.567,-0.060537938919606876,0.002581262253912356,merged_inferred,interpolated_local_image_supported,3,
1098,36.6,-0.009481274612081031,-0.04891368628222949,merged_inferred,interpolated_local_image_supported,1,
1099,36.633,-0.018009214827310036,-0.0557515439151258,merged_inferred,interpolated_local_image_supported,8,
1100,36.667,-0.026374335728441785,-0.06672072895441718,merged_inferred,annotated,8,
1101,36.7,-0.03958327598459209,-0.047430403612507575,merged_inferred,interpolated_local_image_supported,8,
1102,36.733,-0.050713523489838264,-0.04451085643392103,merged_inferred,interpolated_local_image_supported,8,
1103,36.767,-0.062428763386784505,-0.03777188747460851,merged_inferred,interpolated_local_image_supported,8,
1104,36.8,-0.0732715532166146,-0.04044597053861083,merged_inferred,interpolated_local_image_supported,8,
1105,36.833,-0.0849882432999157,-0.034655152232836266,merged_inferred,interpolated_local_image_supported,8,
1106,36.867,-0.09673324171595052,-0.03180022960443504,merged_inferred,interpolated_local_image_supported,8,
1107,36.9,-0.10230077136089265,-0.03746335646742836,merged_inferred,interpolated_local_image_supported,1,
1108,36.933,-0.10674327508176265,-0.033172262529991996,merged_inferred,interpolated_local_image_supported,1,
1109,36.967,-0.12421299289863753,-0.056478946427571654,merged_inferred,interpolated_local_image_supported,1,
1110,37.0,-0.14743640305398809,-0.06605001460831543,merged_inferred,interpolated_local_image_supported,3,
1111,37.033,-0.16957581050570678,-0.0680138833766527,merged_inferred,interpolated_local_image_supported,3,
1112,37.067,-0.1910450658613842,-0.07365407621843777,merged_inferred,interpolated_local_image_supported,3,
1113,37.1,-0.08166494558780837,0.15233459806315278,merged_inferred,interpolated_local_image_supported,1,
1114,37.133,-0.17287225325974923,0.09311678973411394,merged_inferred,interpolated_local_image_supported,2,
1115,37.167,-0.20512843804066472,-0.09866813485065085,merged_inferred,annotated,2,
1116,37.2,-0.2044393659504857,-0.10357467027556733,merged_inferred,interpolated_local_image_supported,3,
1117,37.233,-0.2037142127756427,-0.1063239937585978,merged_inferred,interpolated_local_image_supported,3,
1118,37.267,-0.2030074814148039,-0.11023142049561323,merged_inferred,interpolated_merged_inferred,3,
1119,37.3,-0.09895643901827407,-0.22372166208894478,merged_inferred,interpolated_local_image_supported,2,
1120,37.333,0.05650019161204607,-0.20999065287249535,merged_inferred,annotated,2,
1121,37.367,-0.11374279289547688,-0.23534955668215848,merged_inferred,interpolated_local_image_supported,2,
1122,37.4,-0.23488455019661664,-0.12313782287846603,merged_inferred,interpolated_merged_inferred,2,
1123,37.433,-0.24307568861448103,-0.11668822825905452,merged_inferred,interpolated_merged_inferred,1,
1124,37.467,-0.2424765842513588,-0.12754063593829365,merged_inferred,interpolated_local_image_supported,2,
1125,37.5,-0.24165623381184922,-0.13396447120040442,merged_inferred,interpolated_local_image_supported,2,
1126,37.533,-0.23797390168126623,-0.13218684262338445,merged_inferred,interpolated_local_image_supported,2,
1127,37.567,-0.23431417304360408,-0.14264550148102526,merged_inferred,interpolated_local_image_supported,2,
1128,37.6,-0.26043451055413974,-0.12611238910081027,merged_inferred,interpolated_merged_inferred,1,
1129,37.633,-0.25740679881688566,-0.13290551737586934,merged_inferred,interpolated_merged_inferred,3,
1130,37.667,-0.2543145611816064,-0.13949440722732476,merged_inferred,interpolated_merged_inferred,3,
1131,37.7,-0.250362118226479,-0.16954782453096318,merged_inferred,interpolated_local_image_supported,3,
1132,37.733,-0.27335037842575344,-0.13805333213295307,merged_inferred,annotated,1,
1133,37.767,-0.268572639203803,-0.15790665589158676,merged_inferred,interpolated_local_image_supported,3,
1134,37.8,-0.26322685292814996,-0.16732488109227123,merged_inferred,interpolated_local_image_supported,3,
1135,37.833,-0.2576837267805806,-0.1727560422142334,merged_inferred,interpolated_local_image_supported,3,
1136,37.867,-0.2566717295537231,-0.14932831327858573,merged_inferred,interpolated_local_image_supported,2,
1137,37.9,-0.25592696716104657,-0.13237580878807856,merged_inferred,interpolated_local_image_supported,2,
1138,37.933,-0.223890995756795,-0.18826527144376368,merged_inferred,interpolated_local_image_supported,2,
1139,37.967,-0.1815443873181386,-0.2341406613817456,merged_inferred,interpolated_local_image_supported,2,
1140,38.0,-0.2176710835484029,-0.2077819635932435,visible_transition,annotated,2,
1141,38.033,-0.24953158216817786,-0.17411902503089355,merged_inferred,interpolated_local_image_supported,2,
1142,38.067,-0.25991088620649605,-0.16068784858599455,merged_inferred,interpolated_local_image_supported,3,
1143,38.1,-0.2689464353608534,-0.1510253945230983,merged_inferred,interpolated_local_image_supported,3,37.3102098900232
1144,38.133,-0.27765677607074674,-0.14086520649881867,merged_inferred,interpolated_local_image_supported,3,37.30416639525474
1145,38.167,-0.2819866666564099,-0.14993438260496295,merged_inferred,interpolated_local_image_supported,2,38.66261506846279
1146,38.2,-0.28637846766931885,-0.15746835840911633,merged_inferred,interpolated_local_image_supported,2,41.2757471019089
1147,38.233,-0.27581893900184,-0.1907972465730918,merged_inferred,interpolated_local_image_supported,1,43.20401114883779
1148,38.267,-0.27789911728198796,-0.19665588925571692,merged_inferred,interpolated_local_image_supported,8,41.12457940911348
1149,38.3,-0.28006025558939124,-0.201606054539133,merged_inferred,interpolated_local_image_supported,8,40.594098803374635
1150,38.333,-0.28326429534216757,-0.2022230249103927,visible_transition,annotated,8,40.61155865655313
1151,38.367,,,occluded,unknown,,38.876540484774246
1152,38.4,,,occluded,unknown,,37.719687825284964
1153,38.433,,,occluded,unknown,,33.06071523158191
1154,38.467,,,occluded,unknown,,31.201642676406664
1155,38.5,,,occluded,unknown,,25.993285349879955
1156,38.533,,,occluded,unknown,,26.079288116583925
1157,38.567,,,occluded,unknown,,17.334210451909613
1158,38.6,,,occluded,unknown,,9.62787585883896
1159,38.633,,,occluded,unknown,,9.95796693584392
1160,38.667,,,absent,annotated,,
1161,38.7,,,occluded,unknown,,
1162,38.733,,,occluded,unknown,,
1163,38.767,,,occluded,unknown,,
1164,38.8,,,occluded,unknown,,
1165,38.833,,,occluded,unknown,,
1166,38.867,,,occluded,unknown,,
1167,38.9,,,occluded,unknown,,
1168,38.933,,,occluded,unknown,,
1169,38.967,,,occluded,unknown,,
1170,39.0,,,occluded,unknown,,
1171,39.033,,,occluded,unknown,,
1172,39.067,,,occluded,unknown,,
1173,39.1,,,occluded,unknown,,
